{
  "users": {
    "365662031": {
      "id": 365662031,
      "tg_name": "Soroush",
      "tg_username": "FailOverFlow",
      "test_config": {
        "inbound_id": 3,
        "alterId": 0,
        "email": "test-365662031-1687791808151",
        "enable": true,
        "expiryTime": 1687878208151,
        "id": "c1cf0669-575c-4ea6-b2dd-a87090bd7f2b",
        "limitIp": 5,
        "subId": "",
        "tgId": "",
        "totalGB": 500000000
      },
      "configs": [
        {
          "inbound_id": 3,
          "alterId": 0,
          "email": "365662031-1687791870214",
          "enable": true,
          "expiryTime": 1690383870214,
          "id": "8bfa2ed5-205b-40f4-8d6b-bb9070c71399",
          "limitIp": 5,
          "subId": "",
          "tgId": "",
          "totalGB": 100000000000,
          "orderId": 432945035
        }
      ],
      "created_at": "2023/06/26 15:03"
    },
    "409431573": {
      "id": 409431573,
      "tg_name": "Hosein",
      "tg_username": "xrois",
      "test_config": {
        "inbound_id": 3,
        "alterId": 0,
        "email": "test-409431573-1687797398799",
        "enable": true,
        "expiryTime": 1687883798799,
        "id": "825818b6-31f0-422e-9fba-c999c1b9b845",
        "limitIp": 5,
        "subId": "",
        "tgId": "",
        "totalGB": 500000000
      },
      "configs": [
        {
          "inbound_id": 3,
          "alterId": 0,
          "email": "409431573-1687797470266",
          "enable": true,
          "expiryTime": 1690389470266,
          "id": "86418785-79cb-465b-acfb-37beeb48b599",
          "limitIp": 5,
          "subId": "",
          "tgId": "",
          "totalGB": 100000000000,
          "orderId": 844673752
        }
      ],
      "created_at": "2023/06/26 16:28"
    }
  },
  "orders": {
    "432945035": {
      "id": 432945035,
      "user_id": 365662031,
      "payment_link": "https://weswap.digital/quick?amount=49.7297&currency=TRX&address=TDib2d5ZBqte7pS9sJPCZRT9voKWMknXuE",
      "plan": {
        "id": 101,
        "name": "🥇100 گیگ - 1 ماهه - 💳 199 تومان",
        "traffic": 100,
        "period": 30,
        "original_price": 229,
        "final_price": 199,
        "version": 1,
        "active": true
      },
      "payment": {
        "payment_id": 5999563581,
        "invoice_id": null,
        "payment_status": "finished",
        "pay_address": "TDib2d5ZBqte7pS9sJPCZRT9voKWMknXuE",
        "price_amount": 49.7297,
        "price_currency": "trx",
        "pay_amount": 49.7297,
        "actually_paid": 0,
        "pay_currency": "trx",
        "order_id": "{\"chatId\":365662031,\"messageId\":1301,\"orderId\":432945035}",
        "order_description": null,
        "purchase_id": 4917114911,
        "outcome_amount": 3.569174,
        "outcome_currency": "usdcmatic",
        "payout_hash": null,
        "payin_hash": null,
        "created_at": "2023-06-26T15:04:08.951Z",
        "updated_at": "2023-06-26T15:04:20.414Z",
        "burning_percent": null
      }
    },
    "844673752": {
      "id": 844673752,
      "user_id": 409431573,
      "payment_link": "https://weswap.digital/quick?amount=49.7297&currency=TRX&address=TXdfEJjh1xeAouo6kvEKXzkqFGCWJuYJkX",
      "plan": {
        "id": 101,
        "name": "🥇100 گیگ - 1 ماهه - 💳 199 تومان",
        "traffic": 100,
        "period": 30,
        "original_price": 229,
        "final_price": 199,
        "version": 1,
        "active": true
      },
      "payment": {
        "payment_id": 4575414560,
        "invoice_id": null,
        "payment_status": "finished",
        "pay_address": "TXdfEJjh1xeAouo6kvEKXzkqFGCWJuYJkX",
        "price_amount": 49.7297,
        "price_currency": "trx",
        "pay_amount": 49.7297,
        "actually_paid": 0,
        "pay_currency": "trx",
        "order_id": "{\"chatId\":409431573,\"messageId\":1340,\"orderId\":844673752}",
        "order_description": null,
        "purchase_id": 4800577828,
        "outcome_amount": 3.579243,
        "outcome_currency": "usdcmatic",
        "payout_hash": null,
        "payin_hash": null,
        "created_at": "2023-06-26T16:37:30.525Z",
        "updated_at": "2023-06-26T16:37:40.417Z",
        "burning_percent": null
      }
    }
  }
}